codigo_interno,nombre,nombre_paciente,especialidad,tipo,duracion_min,preparacion_min,limpieza_min,modalidades,capacidad,recurso_requerido,requisitos_previos,plantilla_nota,formularios_sugeridos,autoagendable,plazo_cancelacion_horas,categoria_sensible,codigos_externos,precio_referencia,version,vigente_desde,vigente_hasta,estado
PRC-PSI-0001,Evaluación psicológica inicial,Primera consulta de psicología,PSI,consulta,60,0,10,presencial|virtual,1,REC-CONSULTORIO,REQ-CONSENT:CONS-PSI-TRAT,PLT-PSI-001,FRM-PHQ9|FRM-GAD7,false,,true,CPT:90791,,1.0.0,2026-10-02,,publicado
PRC-PSI-0002,Sesión de psicoterapia individual,Sesión de psicología,PSI,sesion,50,0,10,presencial|virtual,1,REC-CONSULTORIO,,PLT-PSI-001,FRM-PHQ9,true,,true,CPT:90834,,1.0.0,2026-10-02,,publicado
PRC-PSI-0003,Psicoterapia grupal,Terapia en grupo,PSI,grupal,90,10,10,presencial,8,REC-SALA-GRUPAL,REQ-CONSENT:CONS-PSI-GRUPO,PLT-PSI-001,,false,48,true,CPT:90853,,1.0.0,2026-10-02,,publicado
PRC-PSQ-0001,Evaluación psiquiátrica inicial,Primera consulta de psiquiatría,PSQ,consulta,60,0,10,presencial|virtual,1,REC-CONSULTORIO,REQ-CONSENT:CONS-PSQ-TRAT,PLT-PSQ-001,FRM-PHQ9|FRM-GAD7,false,,true,CPT:90792,,1.0.0,2026-10-02,,publicado
PRC-PSQ-0002,Control psiquiátrico y manejo farmacológico,Control de psiquiatría,PSQ,control,30,0,5,presencial|virtual,1,REC-CONSULTORIO,,PLT-PSQ-001,FRM-PHQ9,true,,true,,,1.0.0,2026-10-02,,publicado
PRC-MGE-0001,Consulta de medicina general primera vez,Consulta médica (primera vez),MGE,consulta,30,0,5,presencial|virtual,1,REC-CONSULTORIO,,PLT-MGE-001,FRM-SATISFACCION,true,,false,CPT:99203,,1.0.0,2026-10-02,,publicado
PRC-MGE-0002,Consulta de medicina general subsecuente,Consulta médica de seguimiento,MGE,control,20,0,5,presencial|virtual|telefonica,1,REC-CONSULTORIO,,PLT-MGE-001,,true,,false,CPT:99213,,1.0.0,2026-10-02,,publicado
PRC-CAR-0001,Consulta de cardiología,Consulta con el cardiólogo,CAR,consulta,30,0,5,presencial,1,REC-CONSULTORIO,REQ-ESTUDIO:Analítica reciente si la tiene,PLT-CAR-001,FRM-PA-CASA,true,,false,CPT:99203,,1.0.0,2026-10-02,,publicado
PRC-CAR-0002,Electrocardiograma de 12 derivaciones con interpretación,Electrocardiograma,CAR,estudio,15,5,5,presencial,1,REC-ELECTROCARDIOGRAFO,REQ-ORDEN,PLT-CAR-001,,false,,false,CPT:93000,,1.0.0,2026-10-02,,publicado
PRC-CAR-0003,Ecocardiograma transtorácico completo con Doppler,Ecocardiograma,CAR,estudio,40,5,10,presencial,1,REC-ECOGRAFO,REQ-ORDEN,PLT-CAR-001,,false,24,false,CPT:93306,,1.0.0,2026-10-02,,publicado
PRC-ODO-0001,Evaluación odontológica inicial,Primera consulta dental,ODO,consulta,30,5,10,presencial,1,REC-SILLON-DENTAL,,PLT-ODO-001,,true,,false,CDT:D0150,,1.0.0,2026-10-02,,publicado
PRC-ODO-0002,Profilaxis dental adulto,Limpieza dental,ODO,procedimiento_menor,45,5,15,presencial,1,REC-SILLON-DENTAL,,PLT-ODO-001,FRM-SATISFACCION,true,,false,CDT:D1110,,1.0.0,2026-10-02,,publicado
PRC-ODO-0003,Extracción dental simple,Extracción de una pieza dental,ODO,procedimiento_menor,45,10,15,presencial,1,REC-SILLON-DENTAL,REQ-CONSENT:CONS-ODO-EXTRACCION|REQ-ACOMPANANTE,PLT-ODO-001,FRM-EVA-DOLOR,false,48,false,CDT:D7140,,1.0.0,2026-10-02,,publicado
PRC-FIS-0001,Evaluación fisioterapéutica,Primera evaluación de fisioterapia,FIS,consulta,45,0,10,presencial,1,REC-GIMNASIO-TERAPIA,REQ-ORDEN,PLT-FIS-001,FRM-EVA-DOLOR,false,,false,CPT:97161,,1.0.0,2026-10-02,,publicado
PRC-FIS-0002,Sesión de fisioterapia con ejercicio terapéutico,Sesión de fisioterapia,FIS,sesion,45,0,10,presencial,1,REC-GIMNASIO-TERAPIA,,PLT-FIS-001,FRM-EVA-DOLOR,true,,false,CPT:97110,,1.0.0,2026-10-02,,publicado
PRC-NUT-0001,Consulta de nutrición inicial,Primera consulta de nutrición,NUT,consulta,45,0,5,presencial|virtual,1,REC-CONSULTORIO,REQ-AYUNO:4,PLT-NUT-001,FRM-GLUCEMIA,true,,false,CPT:97802,,1.0.0,2026-10-02,,publicado
PRC-NUT-0002,Control nutricional,Seguimiento de nutrición,NUT,control,30,0,5,presencial|virtual,1,REC-CONSULTORIO,,PLT-NUT-001,,true,,false,CPT:97803,,1.0.0,2026-10-02,,publicado
PRC-PED-0001,Consulta pediátrica,Consulta del niño o la niña,PED,consulta,30,0,5,presencial,1,REC-CONSULTORIO,REQ-TUTOR,PLT-PED-001,,true,,false,,,1.0.0,2026-10-02,,publicado
PRC-PED-0002,Control de crecimiento y desarrollo,Control del niño sano,PED,control,30,0,5,presencial,1,REC-CONSULTORIO,REQ-TUTOR,PLT-PED-001,,true,,false,,,1.0.0,2026-10-02,,publicado
